{
    "schemaVersion": 1,
    "id": "overflow1-addon",
    "version": "1.0.0",
    "name": "Overflow1 Addon",
    "description": "Một addon crash server bằng cách gửi gói tin Overflow.",
    "authors": ["KarmaCrash"],
    "contact": {
        "homepage": "https://example.com",
        "sources": "https://github.com/karmacrash/overflow1-addon"
    },
    "license": "MIT",
    "environment": "client",
    "entrypoints": {
        "meteor": ["com.karmacrash.Overflow1Addon"]
    },
    "depends": {
        "minecraft": ">=1.20.6",
        "meteor-client": "*",
        "fabricloader": ">=0.15.11"
    }
}